{
  "Text Editor MEF Items": "{75a05685-00a8-4ded-bae5-e7a50bfa929a}",
  "Text Editor Text Marker Items": "{ff349800-ea43-46c1-8c98-878e78f46501}",
  "Text Editor Language Service Items": "{e0187991-b458-4f7e-8ca9-42c9a573b56c}",
  "FSharpInteractive": "{00ccee86-3140-4e06-a65a-a92665a40d6f}",
  "WebClient Diagnostic Tools": "{2aa714ae-53be-4393-84e0-dc95b57a1891}",
  "Text Editor Text Manager Items": "{58e96763-1d3b-4e05-b6ba-ff7115fd0b7b}",
  "Find Results": "{5c48b2cb-0366-4fbf-9786-0bb37e945687}",
  "Immediate Window": "{6bb65c5a-2f31-4bde-9f48-8a38dc0c63e7}",
  "Output Window": "{9973efdf-317d-431c-8bc1-5e88cbfd4f7f}",
  "Folder Difference": "{b36b0228-dbad-4db0-b9c7-2ad3e572010f}",
  "Command Window": "{ee1be240-4e81-4beb-8eea-54322b6b1bf5}",
  "Package Manager Console": "{f9d6bce6-c669-41db-8ee7-dd953828685b}",
  "Autos": "{a7ee6bee-d0aa-4b2f-ad9d-748276a725f6}",
  "Locals": "{8259aced-490a-41b3-a0fb-64c842ccdc80}",
  "Watch": "{358463d0-d084-400f-997e-a34fc570bc72}",
  "Performance Tips": "{7a4c6cc9-8404-4b95-af88-f11b657c7268}",
  "Editor Tooltip": "{a9a5637f-b2a8-422e-8fb5-dfb4625f0111}",
  "SQL Results - Text": "{587d0421-e473-4032-b214-9359f3b7bc80}",
  "SQL Results - Grid": "{6202ff3e-488e-4ead-92cb-be089659f8d7}",
  "CodeSense": "{fc88969a-cbed-4940-8f48-142a503e2381}",
  "Roslyn Text Editor MEF Items": "{75a05685-00a8-4ded-bae5-e7a50bfa929a}",
  "CodeSenseControls": "{de7b1121-99a4-4708-aedf-15f40c9b332f}",
  "VisualProfiler": "{CF3994AF-130F-4F0D-A84E-3601E4E357D9}",
  "Cpp Text Editor MEF Items": "{75a05685-00a8-4ded-bae5-e7a50bfa929a}",
  "JavaScriptDiagnosticsTools": "{6AACDB12-98D1-4448-AFFA-FF460B4339E7}",
  "JavascriptRequiredForMonacoEditor": "{ca939bd0-e6fd-47f6-8a98-effc40dfab02}",
  "ACDCOverview": "{c8887ac6-3c60-4209-9d69-8f4c12a60044}",
  "Cider": "{92d153ee-57d7-431f-a739-0931ca3f7f70}",
  "CodeAnalysis": "{bbadd5c0-3c00-4c56-aae8-92cd1d1f516b}",
  "CommonControls": "{c01072a1-a915-4abf-89b7-e2f9e8ec4c7f}",
  "CommonDocument": "{72eb4027-f4ae-4b6c-9cc2-dfd5b49d9415}",
  "Diagnostics": "{6f4c1845-5111-4f31-b204-47cb6a466ee8}",
  "Environment": "{624ed9c3-bdfd-41fa-96c3-7c824ea32e3d}",
  "Find": "{4370282e-987e-4ac4-ad14-5ffed2ad1e14}",
  "GraphicsDebugger": "{40cdc500-10ac-41df-a533-6af2aaaa0c4b}",
  "Header": "{4997f547-1379-456e-b985-2f413cdfa536}",
  "InfoBar": "{832df9d1-d9a9-4eb7-ad13-ff5b421f7432}",
  "InformationBadge": "{63f9718c-889b-4814-a3b4-6e81d14f1156}",
  "IntelliTrace": "{ffa74b06-e011-49be-a58c-3efaa4b957d5}",
  "ListViewGrid": "{63dec435-18e1-4e62-a9a9-0495fcb524a3}",
  "ManifestDesigner": "{b239f458-9f75-4376-959b-4d48b89337f4}",
  "NavigateTo": "{d58e4793-9fe6-450b-b200-b93a3c17aa12}",
  "NewProjectDialog": "{c36c426e-31c9-4048-84cf-31c111d65ec0}",
  "NotificationBubble": "{800c5171-6625-4a74-b3e2-a6cd0b4698d4}",
  "ProgressBar": "{94acf70f-a81d-4512-a31d-8196616751ee}",
  "ProjectDesigner": "{ef1a2d2c-5d16-4ddb-8d04-79d0f6c1c56e}",
  "Promotion": "{8fafb063-4106-4756-81dc-d7769f24d056}",
  "SearchControl": "{f1095fad-881f-45f1-8580-589e10325eb8}",
  "SharePointTools": "{7e8da76d-24b4-447c-8ece-ff8e0e73f0d4}",
  "StartPage": "{65d78f35-869e-4bf3-8e52-991fee554a16}",
  "ThemedDialog": "{5e04b2a9-e443-48db-8791-63a2a71cfbd7}",
  "ThemedUtilityDialog": "{e2961a72-48a5-4da7-8168-1fee490f78a7}",
  "TreeView": "{92ecf08e-8b13-4cf4-99e9-ae2692382185}",
  "UnthemedDialog": "{d1fae935-144d-45a6-af9a-d615e3cd7b75}",
  "UserInformation": "{b6d9f1fc-e422-4755-a014-3fb666d831dc}",
  "UserNotifications": "{5d42b198-efca-431c-92aa-8b595d0d39c2}",
  "VisualStudioInstaller": "{53212856-7528-403d-84e6-76820f4cef73}",
  "VSSearch": "{04ba5a31-6d4d-4225-9194-2e38a9175e31}",
  "ApacheCordovaToolsColors": "{badebe03-e60e-41de-8b51-5a379a844217}",
  "ApplicationInsights": "{badebe03-e60e-41de-8b51-5a379a844217}",
  "ClientDiagnosticsMemory": "{4ec0c2e0-c165-47be-9f29-2d2b73ad3e93}",
  "ClientDiagnosticsTimeline": "{694a8994-9208-45d6-bf31-c58f96236fbe}",
  "ClientDiagnosticsTools": "{9e505e47-0d0d-4681-8c9c-baa2a07771b7}",
  "CpuUsageTool": "{02071ec8-0cf0-4822-af30-9f001537e7eb}",
  "DetailsView": "{a128c60e-947c-4f26-95c9-fb4b3d53547f}",
  "DiagnosticsHub": "{f8a8b2a5-dd35-43f6-a382-fd6a61325c22}",
  "GraphicsDesigners": "{9cfdb8b3-48aa-4715-ac38-dde2968d204f}",
  "TaskRunnerExplorerControls": "{ABB9394C-8C5A-447E-B1B7-965E0B6ABBC3}",
  "WelcomeExperience": "{df76799d-28de-4975-81af-3357270f57eb}",
  "GraphDocumentColors": "{0cd5aa2b-ef23-4997-80b5-7d0e8fe5b312}",
  "TeamExplorer": "{4aff231b-f28a-44f0-a66b-1beeb17cb920}",
  "VersionControl": "{6be84f44-74e4-4e5f-aee9-1b930f431375}",
  "WorkItemEditor": "{2138d120-456d-425e-80b5-88d2401fca23}",
  "PackageManifestEditor": "{3f27d653-86e6-4a04-adb6-a35efa6c8f05}",
  "WebEditor": "{75a05685-00a8-4ded-bae5-e7a50bfa929a}"
}