{
  "editor.lineHighlightBorder": {
    "Item1": 1.0,
    "Item2": "editor.background"
  },
  "editor.lineHighlightBackground": {
    "Item1": 0.25,
    "Item2": "editor.background"
  },
  "editor.selectionBackground": {
      "Item1": 0.4,
      "Item2": "editor.background"
  },
  "editor.foldBackground": {
    "Item1": 1.0,
    "Item2": "editor.background"
  },
  "editor.inactiveSelectionBackground": {
    "Item1": 0.4,
    "Item2": "editor.background"
  },
  "editorWhitespace.foreground": {
    "Item1": 1.0,
    "Item2": "editor.background"
  },
  "editorBracketMatch.border": {
    "Item1": 1.0,
    "Item2": "editor.background"
  },
  "editorBracketMatch.background": {
    "Item1": 1.0,
    "Item2": "editor.background"
  },
  "editor.selectionHighlightBackground": {
    "Item1": 1.0,
    "Item2": "editor.background"
  },
  "editor.wordHighlightStrongBackground": {
    "Item1": 1.0,
    "Item2": "editor.background"
  },
  "editor.wordHighlightBackground": {
    "Item1": 1.0,
    "Item2": "editor.background"
  },
  "minimapSlider.background": {
    "Item1": 1.0,
    "Item2": "minimap.background"
  },
  "menu.selectionBackground": {
    "Item1": 1.0,
    "Item2": "menu.background"
  },
  "menubar.selectionBackground": {
    "Item1": 1.0,
    "Item2": "titleBar.activeBackground"
  },
  "list.inactiveSelectionBackground": {
    "Item1": 1.0,
    "Item2": "sideBar.background"
  },
  "list.activeSelectionBackground": {
    "Item1": 1.0,
    "Item2": "sideBar.background"
  },
  "list.hoverBackground": {
    "Item1": 1.0,
    "Item2": "sideBar.background"
  },
  "sideBarSectionHeader.background": {
    "Item1": 1.0,
    "Item2": "sideBar.background"
  },
  "scrollbarSlider.background": {
    "Item1": 1.0,
    "Item2": "editor.background"
  },
  "scrollbarSlider.hoverBackground": {
    "Item1": 1.0,
    "Item2": "editor.background"
  }
}