{
  "dropdown.foreground": "foreground",
  "editor.lineHighlightBackground": "editor.background",
  "editorBracketMatch.background": "editor.background",
  "entity.name.type.class.cs": "storage.type.cs",
  "entity.name.variable.enum-member.cs": "variable.other.object.property.cs",
  "entity.name.variable.field.cs": "editor.foreground",
  "inputOption.activeBackground": "input.background",
  "inputOption.activeBorder": "input.border",
  "inputOption.activeForeground": "input.foreground",
  "keyword.type": "storage.modifier.cs",
  "list.inactiveSelectionForeground": "foreground",
  "list.hoverForeground": "foreground",
  "menu.selectionBorder": "menu.selectionBackground",
  "menubar.selectionBorder": "menubar.selectionBackground",
  "minimap.background": "editor.background",
  "sideBar.foreground": "foreground",
  "sideBarSectionHeader.foreground": "foreground",
  "sideBarTitle.foreground": "sideBar.foreground",
  "tab.activeBorder": "tab.activeBackground",
  "tab.activeBorderTop": "tab.activeBorder",
  "tab.border": "tab.inactiveBackground",
  "tab.hoverBackground": "tab.inactiveBackground",
  "editor.selectionForeground": "editor.foreground",
  "editor.selectionHighlightBorder": "editor.background",
  "editor.wordHighlightBorder": "editor.background",
  "editor.wordHighlightStrongBorder": "editor.background",
  "tab.hoverBorder": "tab.Border",
  "tab.hoverForeground": "tab.inactiveForeground",
  "variable.other.object.property.cs": "entity.name.variable.property.cs",
  "terminal.background": "panel.background",
  "terminal.foreground": "foreground"
}
