{
	"$schema": "vscode://schemas/color-theme",
	"type": "dark",
	"colors": {
		"activityBarBadge.background": "#007acc",
		"editor.background": "#1e1e1e",
		"editor.foreground": "#d4d4d4",
		"editor.inactiveSelectionBackground": "#3a3d41",
		"editor.selectionHighlightBackground": "#add6ff26",
		"editorIndentGuide.activeBackground": "#707070",
		"editorIndentGuide.background": "#404040",
		"input.placeholderForeground": "#a6a6a6",
		"list.activeSelectionIconForeground": "#ffffff",
		"list.dropBackground": "#383b3d",
		"menu.background": "#252526",
		"menu.foreground": "#cccccc",
		"ports.iconRunningProcessForeground": "#369432",
		"sideBarSectionHeader.background": "#00000000",
		"sideBarSectionHeader.border": "#cccccc33",
		"sideBarTitle.foreground": "#bbbbbb",
		"statusBarItem.remoteBackground": "#16825d",
		"statusBarItem.remoteForeground": "#ffffff",
		"tab.lastPinnedBorder": "#cccccc33",
		"activityBar.activeBorder": "#ffffff",
		"activityBar.background": "#333333",
		"activityBar.dropBorder": "#ffffff",
		"activityBar.foreground": "#ffffff",
		"activityBar.inactiveForeground": "#ffffff66",
		"activityBarBadge.foreground": "#ffffff",
		"badge.background": "#4d4d4d",
		"badge.foreground": "#ffffff",
		"banner.background": "#094771",
		"banner.foreground": "#ffffff",
		"banner.iconForeground": "#3794ff",
		"breadcrumb.activeSelectionForeground": "#e0e0e0",
		"breadcrumb.background": "#1e1e1e",
		"breadcrumb.focusForeground": "#e0e0e0",
		"breadcrumb.foreground": "#cccccccc",
		"breadcrumbPicker.background": "#252526",
		"button.background": "#0e639c",
		"button.foreground": "#ffffff",
		"button.hoverBackground": "#1177bb",
		"button.secondaryBackground": "#3a3d41",
		"button.secondaryForeground": "#ffffff",
		"button.secondaryHoverBackground": "#45494e",
		"charts.blue": "#3794ff",
		"charts.foreground": "#cccccc",
		"charts.green": "#89d185",
		"charts.lines": "#cccccc80",
		"charts.orange": "#d18616",
		"charts.purple": "#b180d7",
		"charts.red": "#f14c4c",
		"charts.yellow": "#cca700",
		"checkbox.background": "#3c3c3c",
		"checkbox.border": "#3c3c3c",
		"checkbox.foreground": "#f0f0f0",
		"debugConsole.errorForeground": "#f48771",
		"debugConsole.infoForeground": "#3794ff",
		"debugConsole.sourceForeground": "#cccccc",
		"debugConsole.warningForeground": "#cca700",
		"debugConsoleInputIcon.foreground": "#cccccc",
		"debugExceptionWidget.background": "#420b0d",
		"debugExceptionWidget.border": "#a31515",
		"debugIcon.breakpointCurrentStackframeForeground": "#ffcc00",
		"debugIcon.breakpointDisabledForeground": "#848484",
		"debugIcon.breakpointForeground": "#e51400",
		"debugIcon.breakpointStackframeForeground": "#89d185",
		"debugIcon.breakpointUnverifiedForeground": "#848484",
		"debugIcon.continueForeground": "#75beff",
		"debugIcon.disconnectForeground": "#f48771",
		"debugIcon.pauseForeground": "#75beff",
		"debugIcon.restartForeground": "#89d185",
		"debugIcon.startForeground": "#89d185",
		"debugIcon.stepBackForeground": "#75beff",
		"debugIcon.stepIntoForeground": "#75beff",
		"debugIcon.stepOutForeground": "#75beff",
		"debugIcon.stepOverForeground": "#75beff",
		"debugIcon.stopForeground": "#f48771",
		"debugTokenExpression.boolean": "#4e94ce",
		"debugTokenExpression.error": "#f48771",
		"debugTokenExpression.name": "#c586c0",
		"debugTokenExpression.number": "#b5cea8",
		"debugTokenExpression.string": "#ce9178",
		"debugTokenExpression.value": "#cccccc99",
		"debugToolBar.background": "#333333",
		"debugView.exceptionLabelBackground": "#6c2022",
		"debugView.exceptionLabelForeground": "#cccccc",
		"debugView.stateLabelBackground": "#88888844",
		"debugView.stateLabelForeground": "#cccccc",
		"debugView.valueChangedHighlight": "#569cd6",
		"descriptionForeground": "#ccccccb3",
		"diffEditor.diagonalFill": "#cccccc33",
		"diffEditor.insertedTextBackground": "#9bb95533",
		"diffEditor.removedTextBackground": "#ff000033",
		"dropdown.background": "#3c3c3c",
		"dropdown.border": "#3c3c3c",
		"dropdown.foreground": "#f0f0f0",
		"editor.findMatchBackground": "#515c6a",
		"editor.findMatchHighlightBackground": "#ea5c0055",
		"editor.findRangeHighlightBackground": "#3a3d4166",
		"editor.focusedStackFrameHighlightBackground": "#7abd7a4d",
		"editor.foldBackground": "#264f784d",
		"editor.hoverHighlightBackground": "#264f7840",
		"editor.inlineValuesBackground": "#ffc80033",
		"editor.inlineValuesForeground": "#ffffff80",
		"editor.lineHighlightBorder": "#282828",
		"editor.linkedEditingBackground": "#ff00004d",
		"editor.rangeHighlightBackground": "#ffffff0b",
		"editor.selectionBackground": "#264f78",
		"editor.snippetFinalTabstopHighlightBorder": "#525252",
		"editor.snippetTabstopHighlightBackground": "#7c7c7c4d",
		"editor.stackFrameHighlightBackground": "#ffff0033",
		"editor.symbolHighlightBackground": "#ea5c0055",
		"editor.wordHighlightBackground": "#575757b8",
		"editor.wordHighlightStrongBackground": "#004972b8",
		"editorActiveLineNumber.foreground": "#c6c6c6",
		"editorBracketHighlight.foreground1": "#ffd700",
		"editorBracketHighlight.foreground2": "#da70d6",
		"editorBracketHighlight.foreground3": "#179fff",
		"editorBracketHighlight.foreground4": "#00000000",
		"editorBracketHighlight.foreground5": "#00000000",
		"editorBracketHighlight.foreground6": "#00000000",
		"editorBracketHighlight.unexpectedBracket.foreground": "#ff1212cc",
		"editorBracketMatch.background": "#0064001a",
		"editorBracketMatch.border": "#888888",
		"editorCodeLens.foreground": "#999999",
		"editorCursor.foreground": "#aeafad",
		"editorError.foreground": "#f14c4c",
		"editorGhostText.foreground": "#ffffff56",
		"editorGroup.border": "#444444",
		"editorGroup.dropBackground": "#53595d80",
		"editorGroupHeader.noTabsBackground": "#1e1e1e",
		"editorGroupHeader.tabsBackground": "#252526",
		"editorGutter.addedBackground": "#587c0c",
		"editorGutter.background": "#1e1e1e",
		"editorGutter.commentRangeForeground": "#c5c5c5",
		"editorGutter.deletedBackground": "#94151b",
		"editorGutter.foldingControlForeground": "#c5c5c5",
		"editorGutter.modifiedBackground": "#0c7d9d",
		"editorHint.foreground": "#eeeeeeb3",
		"editorHoverWidget.background": "#252526",
		"editorHoverWidget.border": "#454545",
		"editorHoverWidget.foreground": "#cccccc",
		"editorHoverWidget.statusBarBackground": "#2c2c2d",
		"editorInfo.foreground": "#3794ff",
		"editorInlayHint.background": "#4d4d4d99",
		"editorInlayHint.foreground": "#ffffffcc",
		"editorLightBulb.foreground": "#ffcc00",
		"editorLightBulbAutoFix.foreground": "#75beff",
		"editorLineNumber.activeForeground": "#c6c6c6",
		"editorLineNumber.foreground": "#858585",
		"editorLink.activeForeground": "#4e94ce",
		"editorMarkerNavigation.background": "#1e1e1e",
		"editorMarkerNavigationError.background": "#f14c4c",
		"editorMarkerNavigationError.headerBackground": "#f14c4c1a",
		"editorMarkerNavigationInfo.background": "#3794ff",
		"editorMarkerNavigationInfo.headerBackground": "#3794ff1a",
		"editorMarkerNavigationWarning.background": "#cca700",
		"editorMarkerNavigationWarning.headerBackground": "#cca7001a",
		"editorOverviewRuler.addedForeground": "#587c0c99",
		"editorOverviewRuler.border": "#7f7f7f4d",
		"editorOverviewRuler.bracketMatchForeground": "#a0a0a0",
		"editorOverviewRuler.commonContentForeground": "#60606066",
		"editorOverviewRuler.currentContentForeground": "#40c8ae80",
		"editorOverviewRuler.deletedForeground": "#94151b99",
		"editorOverviewRuler.errorForeground": "#ff1212b3",
		"editorOverviewRuler.findMatchForeground": "#d186167e",
		"editorOverviewRuler.incomingContentForeground": "#40a6ff80",
		"editorOverviewRuler.infoForeground": "#3794ff",
		"editorOverviewRuler.modifiedForeground": "#0c7d9d99",
		"editorOverviewRuler.rangeHighlightForeground": "#007acc99",
		"editorOverviewRuler.selectionHighlightForeground": "#a0a0a0cc",
		"editorOverviewRuler.warningForeground": "#cca700",
		"editorOverviewRuler.wordHighlightForeground": "#a0a0a0cc",
		"editorOverviewRuler.wordHighlightStrongForeground": "#c0a0c0cc",
		"editorPane.background": "#1e1e1e",
		"editorRuler.foreground": "#5a5a5a",
		"editorSuggestWidget.background": "#252526",
		"editorSuggestWidget.border": "#454545",
		"editorSuggestWidget.focusHighlightForeground": "#18a3ff",
		"editorSuggestWidget.foreground": "#d4d4d4",
		"editorSuggestWidget.highlightForeground": "#18a3ff",
		"editorSuggestWidget.selectedBackground": "#094771",
		"editorSuggestWidget.selectedForeground": "#ffffff",
		"editorSuggestWidget.selectedIconForeground": "#ffffff",
		"editorUnnecessaryCode.opacity": "#000000aa",
		"editorWarning.foreground": "#cca700",
		"editorWhitespace.foreground": "#e3e4e229",
		"editorWidget.background": "#252526",
		"editorWidget.border": "#454545",
		"editorWidget.foreground": "#cccccc",
		"errorForeground": "#f48771",
		"extensionBadge.remoteBackground": "#007acc",
		"extensionBadge.remoteForeground": "#ffffff",
		"extensionButton.prominentBackground": "#0e639c",
		"extensionButton.prominentForeground": "#ffffff",
		"extensionButton.prominentHoverBackground": "#1177bb",
		"extensionIcon.starForeground": "#ff8e00",
		"focusBorder": "#007fd4",
		"foreground": "#cccccc",
		"gitDecoration.addedResourceForeground": "#81b88b",
		"gitDecoration.conflictingResourceForeground": "#e4676b",
		"gitDecoration.deletedResourceForeground": "#c74e39",
		"gitDecoration.ignoredResourceForeground": "#8c8c8c",
		"gitDecoration.modifiedResourceForeground": "#e2c08d",
		"gitDecoration.renamedResourceForeground": "#73c991",
		"gitDecoration.stageDeletedResourceForeground": "#c74e39",
		"gitDecoration.stageModifiedResourceForeground": "#e2c08d",
		"gitDecoration.submoduleResourceForeground": "#8db9e2",
		"gitDecoration.untrackedResourceForeground": "#73c991",
		"icon.foreground": "#c5c5c5",
		"input.background": "#3c3c3c",
		"input.foreground": "#cccccc",
		"inputOption.activeBackground": "#007fd466",
		"inputOption.activeBorder": "#007acc00",
		"inputOption.activeForeground": "#ffffff",
		"inputValidation.errorBackground": "#5a1d1d",
		"inputValidation.errorBorder": "#be1100",
		"inputValidation.infoBackground": "#063b49",
		"inputValidation.infoBorder": "#007acc",
		"inputValidation.warningBackground": "#352a05",
		"inputValidation.warningBorder": "#b89500",
		"interactive.activeCodeBorder": "#3794ff",
		"interactive.inactiveCodeBorder": "#37373d",
		"keybindingLabel.background": "#8080802b",
		"keybindingLabel.border": "#33333399",
		"keybindingLabel.bottomBorder": "#44444499",
		"keybindingLabel.foreground": "#cccccc",
		"list.activeSelectionBackground": "#094771",
		"list.activeSelectionForeground": "#ffffff",
		"list.deemphasizedForeground": "#8c8c8c",
		"list.errorForeground": "#f88070",
		"list.filterMatchBackground": "#ea5c0055",
		"list.focusHighlightForeground": "#18a3ff",
		"list.focusOutline": "#007fd4",
		"list.highlightForeground": "#18a3ff",
		"list.hoverBackground": "#2a2d2e",
		"list.inactiveSelectionBackground": "#37373d",
		"list.invalidItemForeground": "#b89500",
		"list.warningForeground": "#cca700",
		"listFilterWidget.background": "#653723",
		"listFilterWidget.noMatchesOutline": "#be1100",
		"listFilterWidget.outline": "#00000000",
		"menu.selectionBackground": "#094771",
		"menu.selectionForeground": "#ffffff",
		"menu.separatorBackground": "#bbbbbb",
		"menubar.selectionBackground": "#ffffff1a",
		"menubar.selectionForeground": "#cccccc",
		"merge.commonContentBackground": "#60606029",
		"merge.commonHeaderBackground": "#60606066",
		"merge.currentContentBackground": "#40c8ae33",
		"merge.currentHeaderBackground": "#40c8ae80",
		"merge.incomingContentBackground": "#40a6ff33",
		"merge.incomingHeaderBackground": "#40a6ff80",
		"minimap.errorHighlight": "#ff1212b3",
		"minimap.findMatchHighlight": "#d18616",
		"minimap.selectionHighlight": "#264f78",
		"minimap.warningHighlight": "#cca700",
		"minimapGutter.addedBackground": "#587c0c",
		"minimapGutter.deletedBackground": "#94151b",
		"minimapGutter.modifiedBackground": "#0c7d9d",
		"minimapSlider.activeBackground": "#bfbfbf33",
		"minimapSlider.background": "#79797933",
		"minimapSlider.hoverBackground": "#64646459",
		"notebook.cellBorderColor": "#37373d",
		"notebook.cellEditorBackground": "#cccccc0a",
		"notebook.cellInsertionIndicator": "#007fd4",
		"notebook.cellStatusBarItemHoverBackground": "#ffffff26",
		"notebook.cellToolbarSeparator": "#80808059",
		"notebook.focusedCellBorder": "#007fd4",
		"notebook.focusedEditorBorder": "#007fd4",
		"notebook.inactiveFocusedCellBorder": "#37373d",
		"notebook.selectedCellBackground": "#37373d",
		"notebook.selectedCellBorder": "#37373d",
		"notebook.symbolHighlightBackground": "#ffffff0b",
		"notebookScrollbarSlider.activeBackground": "#bfbfbf66",
		"notebookScrollbarSlider.background": "#79797966",
		"notebookScrollbarSlider.hoverBackground": "#646464b3",
		"notebookStatusErrorIcon.foreground": "#f48771",
		"notebookStatusRunningIcon.foreground": "#cccccc",
		"notebookStatusSuccessIcon.foreground": "#89d185",
		"notificationCenterHeader.background": "#303031",
		"notificationLink.foreground": "#3794ff",
		"notifications.background": "#252526",
		"notifications.border": "#303031",
		"notifications.foreground": "#cccccc",
		"notificationsErrorIcon.foreground": "#f14c4c",
		"notificationsInfoIcon.foreground": "#3794ff",
		"notificationsWarningIcon.foreground": "#cca700",
		"panel.background": "#1e1e1e",
		"panel.border": "#80808059",
		"panel.dropBorder": "#e7e7e7",
		"panelSection.border": "#80808059",
		"panelSection.dropBackground": "#53595d80",
		"panelSectionHeader.background": "#80808033",
		"panelTitle.activeBorder": "#e7e7e7",
		"panelTitle.activeForeground": "#e7e7e7",
		"panelTitle.inactiveForeground": "#e7e7e799",
		"peekView.border": "#3794ff",
		"peekViewEditor.background": "#001f33",
		"peekViewEditor.matchHighlightBackground": "#ff8f0099",
		"peekViewEditorGutter.background": "#001f33",
		"peekViewResult.background": "#252526",
		"peekViewResult.fileForeground": "#ffffff",
		"peekViewResult.lineForeground": "#bbbbbb",
		"peekViewResult.matchHighlightBackground": "#ea5c004d",
		"peekViewResult.selectionBackground": "#3399ff33",
		"peekViewResult.selectionForeground": "#ffffff",
		"peekViewTitle.background": "#3794ff1a",
		"peekViewTitleDescription.foreground": "#ccccccb3",
		"peekViewTitleLabel.foreground": "#ffffff",
		"pickerGroup.border": "#3f3f46",
		"pickerGroup.foreground": "#3794ff",
		"problemsErrorIcon.foreground": "#f14c4c",
		"problemsInfoIcon.foreground": "#3794ff",
		"problemsWarningIcon.foreground": "#cca700",
		"progressBar.background": "#0e70c0",
		"quickInput.background": "#252526",
		"quickInput.foreground": "#cccccc",
		"quickInputList.focusBackground": "#094771",
		"quickInputList.focusForeground": "#ffffff",
		"quickInputList.focusIconForeground": "#ffffff",
		"quickInputTitle.background": "#ffffff1b",
		"sash.hoverBorder": "#007fd4",
		"scm.providerBorder": "#454545",
		"scrollbar.shadow": "#000000",
		"scrollbarSlider.activeBackground": "#bfbfbf66",
		"scrollbarSlider.background": "#79797966",
		"scrollbarSlider.hoverBackground": "#646464b3",
		"searchEditor.findMatchBackground": "#ea5c0038",
		"settings.checkboxBackground": "#3c3c3c",
		"settings.checkboxBorder": "#3c3c3c",
		"settings.checkboxForeground": "#f0f0f0",
		"settings.dropdownBackground": "#3c3c3c",
		"settings.dropdownBorder": "#3c3c3c",
		"settings.dropdownForeground": "#f0f0f0",
		"settings.dropdownListBorder": "#454545",
		"settings.focusedRowBackground": "#80808024",
		"settings.focusedRowBorder": "#ffffff1f",
		"settings.headerForeground": "#e7e7e7",
		"settings.modifiedItemIndicator": "#0c7d9d",
		"settings.numberInputBackground": "#3c3c3c",
		"settings.numberInputForeground": "#cccccc",
		"settings.rowHoverBackground": "#80808012",
		"settings.textInputBackground": "#3c3c3c",
		"settings.textInputForeground": "#cccccc",
		"sideBar.background": "#252526",
		"sideBar.dropBackground": "#53595d80",
		"statusBar.background": "#007acc",
		"statusBar.debuggingBackground": "#cc6633",
		"statusBar.debuggingForeground": "#ffffff",
		"statusBar.foreground": "#ffffff",
		"statusBar.noFolderBackground": "#68217a",
		"statusBar.noFolderForeground": "#ffffff",
		"statusBarItem.activeBackground": "#ffffff2e",
		"statusBarItem.errorBackground": "#c72e0f",
		"statusBarItem.errorForeground": "#ffffff",
		"statusBarItem.hoverBackground": "#ffffff1f",
		"statusBarItem.prominentBackground": "#00000080",
		"statusBarItem.prominentForeground": "#ffffff",
		"statusBarItem.prominentHoverBackground": "#0000004d",
		"statusBarItem.warningBackground": "#7a6400",
		"statusBarItem.warningForeground": "#ffffff",
		"symbolIcon.arrayForeground": "#cccccc",
		"symbolIcon.booleanForeground": "#cccccc",
		"symbolIcon.classForeground": "#ee9d28",
		"symbolIcon.colorForeground": "#cccccc",
		"symbolIcon.constantForeground": "#cccccc",
		"symbolIcon.constructorForeground": "#b180d7",
		"symbolIcon.enumeratorForeground": "#ee9d28",
		"symbolIcon.enumeratorMemberForeground": "#75beff",
		"symbolIcon.eventForeground": "#ee9d28",
		"symbolIcon.fieldForeground": "#75beff",
		"symbolIcon.fileForeground": "#cccccc",
		"symbolIcon.folderForeground": "#cccccc",
		"symbolIcon.functionForeground": "#b180d7",
		"symbolIcon.interfaceForeground": "#75beff",
		"symbolIcon.keyForeground": "#cccccc",
		"symbolIcon.keywordForeground": "#cccccc",
		"symbolIcon.methodForeground": "#b180d7",
		"symbolIcon.moduleForeground": "#cccccc",
		"symbolIcon.namespaceForeground": "#cccccc",
		"symbolIcon.nullForeground": "#cccccc",
		"symbolIcon.numberForeground": "#cccccc",
		"symbolIcon.objectForeground": "#cccccc",
		"symbolIcon.operatorForeground": "#cccccc",
		"symbolIcon.packageForeground": "#cccccc",
		"symbolIcon.propertyForeground": "#cccccc",
		"symbolIcon.referenceForeground": "#cccccc",
		"symbolIcon.snippetForeground": "#cccccc",
		"symbolIcon.stringForeground": "#cccccc",
		"symbolIcon.structForeground": "#cccccc",
		"symbolIcon.textForeground": "#cccccc",
		"symbolIcon.typeParameterForeground": "#cccccc",
		"symbolIcon.unitForeground": "#cccccc",
		"symbolIcon.variableForeground": "#75beff",
		"tab.activeBackground": "#1e1e1e",
		"tab.activeForeground": "#ffffff",
		"tab.activeModifiedBorder": "#3399cc",
		"tab.border": "#252526",
		"tab.inactiveBackground": "#2d2d2d",
		"tab.inactiveForeground": "#ffffff80",
		"tab.inactiveModifiedBorder": "#3399cc80",
		"tab.unfocusedActiveBackground": "#1e1e1e",
		"tab.unfocusedActiveForeground": "#ffffff80",
		"tab.unfocusedActiveModifiedBorder": "#3399cc80",
		"tab.unfocusedInactiveBackground": "#2d2d2d",
		"tab.unfocusedInactiveForeground": "#ffffff40",
		"tab.unfocusedInactiveModifiedBorder": "#3399cc40",
		"terminal.ansiBlack": "#000000",
		"terminal.ansiBlue": "#2472c8",
		"terminal.ansiBrightBlack": "#666666",
		"terminal.ansiBrightBlue": "#3b8eea",
		"terminal.ansiBrightCyan": "#29b8db",
		"terminal.ansiBrightGreen": "#23d18b",
		"terminal.ansiBrightMagenta": "#d670d6",
		"terminal.ansiBrightRed": "#f14c4c",
		"terminal.ansiBrightWhite": "#e5e5e5",
		"terminal.ansiBrightYellow": "#f5f543",
		"terminal.ansiCyan": "#11a8cd",
		"terminal.ansiGreen": "#0dbc79",
		"terminal.ansiMagenta": "#bc3fbc",
		"terminal.ansiRed": "#cd3131",
		"terminal.ansiWhite": "#e5e5e5",
		"terminal.ansiYellow": "#e5e510",
		"terminal.border": "#80808059",
		"terminal.dropBackground": "#53595d80",
		"terminal.foreground": "#cccccc",
		"terminal.selectionBackground": "#ffffff40",
		"testing.iconErrored": "#f14c4c",
		"testing.iconFailed": "#f14c4c",
		"testing.iconPassed": "#73c991",
		"testing.iconQueued": "#cca700",
		"testing.iconSkipped": "#848484",
		"testing.iconUnset": "#848484",
		"testing.message.error.decorationForeground": "#f14c4c",
		"testing.message.error.lineBackground": "#ff000033",
		"testing.message.info.decorationForeground": "#d4d4d480",
		"testing.peekBorder": "#f14c4c",
		"testing.peekHeaderBackground": "#f14c4c1a",
		"testing.runAction": "#73c991",
		"textBlockQuote.background": "#7f7f7f1a",
		"textBlockQuote.border": "#007acc80",
		"textCodeBlock.background": "#0a0a0a66",
		"textLink.activeForeground": "#3794ff",
		"textLink.foreground": "#3794ff",
		"textPreformat.foreground": "#d7ba7d",
		"textSeparator.foreground": "#ffffff2e",
		"titleBar.activeBackground": "#3c3c3c",
		"titleBar.activeForeground": "#cccccc",
		"titleBar.inactiveBackground": "#3c3c3c99",
		"titleBar.inactiveForeground": "#cccccc99",
		"toolbar.activeBackground": "#63666750",
		"toolbar.hoverBackground": "#5a5d5e50",
		"tree.indentGuidesStroke": "#585858",
		"tree.tableColumnsBorder": "#cccccc20",
		"welcomePage.progress.background": "#3c3c3c",
		"welcomePage.progress.foreground": "#3794ff",
		"welcomePage.tileBackground": "#252526",
		"welcomePage.tileHoverBackground": "#2c2c2d",
		"welcomePage.tileShadow.": "#0000005c",
		"widget.shadow": "#0000005c",
		"activityBar.activeBackground": null,
		"activityBar.activeFocusBorder": null,
		"activityBar.border": null,
		"button.border": null,
		"contrastActiveBorder": null,
		"contrastBorder": null,
		"debugToolBar.border": null,
		"diffEditor.border": null,
		"diffEditor.insertedTextBorder": null,
		"diffEditor.removedTextBorder": null,
		"dropdown.listBackground": null,
		"editor.findMatchBorder": null,
		"editor.findMatchHighlightBorder": null,
		"editor.findRangeHighlightBorder": null,
		"editor.lineHighlightBackground": null,
		"editor.rangeHighlightBorder": null,
		"editor.selectionForeground": null,
		"editor.selectionHighlightBorder": null,
		"editor.snippetFinalTabstopHighlightBackground": null,
		"editor.snippetTabstopHighlightBorder": null,
		"editor.symbolHighlightBorder": null,
		"editor.wordHighlightBorder": null,
		"editor.wordHighlightStrongBorder": null,
		"editorCursor.background": null,
		"editorError.background": null,
		"editorError.border": null,
		"editorGhostText.border": null,
		"editorGroup.background": null,
		"editorGroup.emptyBackground": null,
		"editorGroup.focusedEmptyBorder": null,
		"editorGroupHeader.border": null,
		"editorGroupHeader.tabsBorder": null,
		"editorHint.border": null,
		"editorInfo.background": null,
		"editorInfo.border": null,
		"editorOverviewRuler.background": null,
		"editorUnnecessaryCode.border": null,
		"editorWarning.background": null,
		"editorWarning.border": null,
		"editorWidget.resizeBorder": null,
		"input.border": null,
		"inputValidation.errorForeground": null,
		"inputValidation.infoForeground": null,
		"inputValidation.warningForeground": null,
		"list.filterMatchBorder": null,
		"list.focusBackground": null,
		"list.focusForeground": null,
		"list.hoverForeground": null,
		"list.inactiveFocusBackground": null,
		"list.inactiveFocusOutline": null,
		"list.inactiveSelectionForeground": null,
		"list.inactiveSelectionIconForeground": null,
		"menu.border": null,
		"menu.selectionBorder": null,
		"menubar.selectionBorder": null,
		"merge.border": null,
		"minimap.background": null,
		"notebook.cellHoverBackground": null,
		"notebook.focusedCellBackground": null,
		"notebook.inactiveSelectedCellBorder": null,
		"notebook.outputContainerBackgroundColor": null,
		"notificationCenter.border": null,
		"notificationCenterHeader.foreground": null,
		"notificationToast.border": null,
		"panelInput.border": null,
		"panelSectionHeader.border": null,
		"panelSectionHeader.foreground": null,
		"peekViewEditor.matchHighlightBorder": null,
		"quickInput.list.focusBackground": null,
		"searchEditor.findMatchBorder": null,
		"searchEditor.textInputBorder": null,
		"selection.background": null,
		"settings.numberInputBorder": null,
		"settings.textInputBorder": null,
		"sideBar.border": null,
		"sideBar.foreground": null,
		"sideBarSectionHeader.foreground": null,
		"statusBar.border": null,
		"statusBar.debuggingBorder": null,
		"statusBar.noFolderBorder": null,
		"tab.activeBorder": null,
		"tab.activeBorderTop": null,
		"tab.hoverBackground": null,
		"tab.hoverBorder": null,
		"tab.hoverForeground": null,
		"tab.unfocusedActiveBorder": null,
		"tab.unfocusedActiveBorderTop": null,
		"tab.unfocusedHoverBackground": null,
		"tab.unfocusedHoverBorder": null,
		"tab.unfocusedHoverForeground": null,
		"terminal.background": null,
		"terminal.tab.activeBorder": null,
		"terminalCursor.background": null,
		"terminalCursor.foreground": null,
		"testing.message.info.lineBackground": null,
		"titleBar.border": null,
		"toolbar.hoverOutline": null,
		"walkThrough.embeddedEditorBackground": null,
		"welcomePage.background": null,
		"welcomePage.buttonBackground": null,
		"welcomePage.buttonHoverBackground": null,
		"window.activeBorder": null,
		"window.inactiveBorder": null
	},
	"tokenColors": [
		{
			"scope": [
				"meta.embedded",
				"source.groovy.embedded"
			],
			"settings": {
				"foreground": "#D4D4D4"
			}
		},
		{
			"scope": "emphasis",
			"settings": {
				"fontStyle": "italic"
			}
		},
		{
			"scope": "strong",
			"settings": {
				"fontStyle": "bold"
			}
		},
		{
			"scope": "header",
			"settings": {
				"foreground": "#000080"
			}
		},
		{
			"scope": "comment",
			"settings": {
				"foreground": "#6A9955"
			}
		},
		{
			"scope": "constant.language",
			"settings": {
				"foreground": "#569CD6"
			}
		},
		{
			"scope": [
				"constant.numeric",
				"variable.other.enummember",
				"keyword.operator.plus.exponent",
				"keyword.operator.minus.exponent"
			],
			"settings": {
				"foreground": "#B5CEA8"
			}
		},
		{
			"scope": "constant.regexp",
			"settings": {
				"foreground": "#646695"
			}
		},
		{
			"scope": "entity.name.tag",
			"settings": {
				"foreground": "#569CD6"
			}
		},
		{
			"scope": "entity.name.tag.css",
			"settings": {
				"foreground": "#D7BA7D"
			}
		},
		{
			"scope": "entity.other.attribute-name",
			"settings": {
				"foreground": "#9CDCFE"
			}
		},
		{
			"scope": [
				"entity.other.attribute-name.class.css",
				"entity.other.attribute-name.class.mixin.css",
				"entity.other.attribute-name.id.css",
				"entity.other.attribute-name.parent-selector.css",
				"entity.other.attribute-name.pseudo-class.css",
				"entity.other.attribute-name.pseudo-element.css",
				"source.css.less entity.other.attribute-name.id",
				"entity.other.attribute-name.scss"
			],
			"settings": {
				"foreground": "#D7BA7D"
			}
		},
		{
			"scope": "invalid",
			"settings": {
				"foreground": "#F44747"
			}
		},
		{
			"scope": "markup.underline",
			"settings": {
				"fontStyle": "underline"
			}
		},
		{
			"scope": "markup.bold",
			"settings": {
				"foreground": "#569CD6",
				"fontStyle": "bold"
			}
		},
		{
			"scope": "markup.heading",
			"settings": {
				"foreground": "#569CD6",
				"fontStyle": "bold"
			}
		},
		{
			"scope": "markup.italic",
			"settings": {
				"fontStyle": "italic"
			}
		},
		{
			"scope": "markup.inserted",
			"settings": {
				"foreground": "#B5CEA8"
			}
		},
		{
			"scope": "markup.deleted",
			"settings": {
				"foreground": "#CE9178"
			}
		},
		{
			"scope": "markup.changed",
			"settings": {
				"foreground": "#569CD6"
			}
		},
		{
			"scope": "punctuation.definition.quote.begin.markdown",
			"settings": {
				"foreground": "#6A9955"
			}
		},
		{
			"scope": "punctuation.definition.list.begin.markdown",
			"settings": {
				"foreground": "#6796E6"
			}
		},
		{
			"scope": "markup.inline.raw",
			"settings": {
				"foreground": "#CE9178"
			}
		},
		{
			"scope": "punctuation.definition.tag",
			"settings": {
				"foreground": "#808080"
			}
		},
		{
			"scope": [
				"meta.preprocessor",
				"entity.name.function.preprocessor"
			],
			"settings": {
				"foreground": "#569CD6"
			}
		},
		{
			"scope": "meta.preprocessor.string",
			"settings": {
				"foreground": "#CE9178"
			}
		},
		{
			"scope": "meta.preprocessor.numeric",
			"settings": {
				"foreground": "#B5CEA8"
			}
		},
		{
			"scope": "meta.structure.dictionary.key.python",
			"settings": {
				"foreground": "#9CDCFE"
			}
		},
		{
			"scope": "meta.diff.header",
			"settings": {
				"foreground": "#569CD6"
			}
		},
		{
			"scope": "storage",
			"settings": {
				"foreground": "#569CD6"
			}
		},
		{
			"scope": "storage.type",
			"settings": {
				"foreground": "#569CD6"
			}
		},
		{
			"scope": [
				"storage.modifier",
				"keyword.operator.noexcept"
			],
			"settings": {
				"foreground": "#569CD6"
			}
		},
		{
			"scope": [
				"string",
				"meta.embedded.assembly"
			],
			"settings": {
				"foreground": "#CE9178"
			}
		},
		{
			"scope": "string.tag",
			"settings": {
				"foreground": "#CE9178"
			}
		},
		{
			"scope": "string.value",
			"settings": {
				"foreground": "#CE9178"
			}
		},
		{
			"scope": "string.regexp",
			"settings": {
				"foreground": "#D16969"
			}
		},
		{
			"scope": [
				"punctuation.definition.template-expression.begin",
				"punctuation.definition.template-expression.end",
				"punctuation.section.embedded"
			],
			"settings": {
				"foreground": "#569CD6"
			}
		},
		{
			"scope": [
				"meta.template.expression"
			],
			"settings": {
				"foreground": "#D4D4D4"
			}
		},
		{
			"scope": [
				"support.type.vendored.property-name",
				"support.type.property-name",
				"variable.css",
				"variable.scss",
				"variable.other.less",
				"source.coffee.embedded"
			],
			"settings": {
				"foreground": "#9CDCFE"
			}
		},
		{
			"scope": "keyword",
			"settings": {
				"foreground": "#569CD6"
			}
		},
		{
			"scope": "keyword.control",
			"settings": {
				"foreground": "#569CD6"
			}
		},
		{
			"scope": "keyword.operator",
			"settings": {
				"foreground": "#D4D4D4"
			}
		},
		{
			"scope": [
				"keyword.operator.new",
				"keyword.operator.expression",
				"keyword.operator.cast",
				"keyword.operator.sizeof",
				"keyword.operator.alignof",
				"keyword.operator.typeid",
				"keyword.operator.alignas",
				"keyword.operator.instanceof",
				"keyword.operator.logical.python",
				"keyword.operator.wordlike"
			],
			"settings": {
				"foreground": "#569CD6"
			}
		},
		{
			"scope": "keyword.other.unit",
			"settings": {
				"foreground": "#B5CEA8"
			}
		},
		{
			"scope": [
				"punctuation.section.embedded.begin.php",
				"punctuation.section.embedded.end.php"
			],
			"settings": {
				"foreground": "#569CD6"
			}
		},
		{
			"scope": "support.function.git-rebase",
			"settings": {
				"foreground": "#9CDCFE"
			}
		},
		{
			"scope": "constant.sha.git-rebase",
			"settings": {
				"foreground": "#B5CEA8"
			}
		},
		{
			"scope": [
				"storage.modifier.import.java",
				"variable.language.wildcard.java",
				"storage.modifier.package.java"
			],
			"settings": {
				"foreground": "#D4D4D4"
			}
		},
		{
			"scope": "variable.language",
			"settings": {
				"foreground": "#569CD6"
			}
		},
		{
			"scope": "token.info-token",
			"settings": {
				"foreground": "#6796E6"
			}
		},
		{
			"scope": "token.warn-token",
			"settings": {
				"foreground": "#CD9731"
			}
		},
		{
			"scope": "token.error-token",
			"settings": {
				"foreground": "#F44747"
			}
		},
		{
			"scope": "token.debug-token",
			"settings": {
				"foreground": "#B267E6"
			}
		}
	]
}